JobTitle,Company,Location,Salary,PostDate,Summary,JobUrl
Data Scientist,AccruePartners,"Charlotte, NC","Opportunity to analyze various sets of data to help identify various trends along with optimizations.
3-5 years of experience sourcing cleaning and validating…",,30+ days ago,https://www.indeed.com/pagead/clk?mo=r&ad=-6NYlbfkN0Cmq1pj5Dwku4j-j-jMxiR3p8DjIx5wPgrGZP7N5_dynGcPrp9S6jFT9rQaxa2Xft6ZhfuCJ3nISOVyKdn6K_hPODsRhi1N-a_TAHK2MwRO8kgnDnXpKmCk-Lwe7DNQ-KwPzj_l15CTlcMEFbGAvWQEDLFnZbQO_qOyM7xRb-0FlN-FBt39gE67zG3lUjAP3L2tKPeeU5pePB3dF6T4bADUzQSKwxi6vs8UrqFrzryAo_1bfx9sYwIe2pVMNE--i8HVJ-2ztOnXbfAK5y4Oqw-mM7Ca6s8pNhcFVdlctnWUdaEOineETLIntlQB7pHAvcEeWebn_HG66akroDeglJO10LzqunfHyU6nwrFWBHD1Y5B5cG0K_uODJsSJKWTuDg0bHT210hKRJgrk9Z1wyMXgGXZsKvysYuXzyfZ9PmKtEWQuJMQDHKyMLd5AnzoKpgoCTXM1guhyYw==&p=0&fvj=0&vjs=3
Data Science Fellow,The Data Incubator,United States,"By the end of the program, you’ll have the skills and tools you need to become one of the leading data scientists of the future.",,30+ days ago,https://www.indeed.com/pagead/clk?mo=r&ad=-6NYlbfkN0AFcTrA1_uKpZHrLOjwp2Xyaym5SxGSiM5Y5L77SresXLp9O6CsoIptZaJuEMhR_zGKN2gn9c3kTqK4V6I8mfRTLMkDAwGdnsN54yD75HhxeJxvIt9b-NRCrXWNVkDviX4GHpU8x9omX4ozSueFNmfv4Bhb5buDaz9onqFjj8KVNynv_fvv1XCstwvW6bmTruvBLuyEJh41iej1h2n5ZuHC_q_l10FqNav_tGjHyBm3Krbncvoll_jq8KTsWnjVwd6xlK72KvtIV7rh0XSY0tutXC3DRyHczXfCcrbsCQinCUVCIW0UCVN8JBrqa0fKYDENNUkXA0VC5hBikX6xjLKcOAohVNun7raVadUKm5huRNUwN72x8jBiqfvAl_QJ3H0EMydMGN4hOtasGliIwA0PqNCxcrqq78Zfcqar56lRMmLyMUmJ4csUXsesg_j-q2CnKWX4fzCeLQ==&p=1&fvj=1&vjs=3
Data Scientist,"Pyramid Consulting, Inc","Charlotte, NC","Perform data exploration and data mining.
Client business narratives told by the data and present them to other scientists, business stakeholders, and managers…",,17 days ago,https://www.indeed.com/pagead/clk?mo=r&ad=-6NYlbfkN0Bjic9BpODao-m9BEup4myv2yv9o6hanv70kCRpjMjSDcmmrD9YS-C3oR4_7EU-DV3_MOd0n6ADolXtSPDqZc3MQsNbHGun35yurOGzxnQbNSozOUufdZLietqTDPBZJ_DhNOQ0QC8CfOaU5KPiSoeAcs_DyGCXDbX9PsuSm3cTt52fHlIFfoeriw8WaVXUaF4P--P6OTWPOqGoIzfdIblO6h9anVTZRULUsgfeIDBAs816wRCzFz6cdo024HuZihlSPIsWv6MA98ed91CTr6a3f8CpQ282MtlAvIExnSPWsiF4CBG1FUpK21cWEgcAWj_aIzhSz5YelfD7TlS4-tHqKchfil55YGbqbJnWCUtzWETZTlsG_EfuKFusPk0nIn9mUa1C_wLsZL0OTo4RgM-c6mGrXMCDJq8c1DOR5r9XlbgjyG_qM_YWVUCp0V-t-hNvPfvfKhhUPXG8yx4AEiRP6R6SmFEjJQXxlHMdcdhugO4_Yz7PPE5Wcr8KEJc02E0oLvot9vqQtmAcoKLMSLgIP_DirDVwwAPzEnjBD8ZfhaaDvqqzka34FBZwvioCMAeh44dRNy4Td80pfr7mYlNnqUNJ2ub7OV2jhsjyIurpBzqKvoPJH3jROYAIU2TodLpBiJt6eb-u2DoH7lKJtjBGK9NvMtDfSy6_Op0zvyWN8RoPlWKLLrRixwCuG6x1Wzqei-tnSk4u53pw45Zy0Iw-27w42jnJKkibzMvy78EPzcHGr1CGlH-QsBMI4K3trzadWMjZ8NGKNV9531hkT9MIRptPOWJ25jtuAEgN54jBISy7WOzGKVWlqYSQrCviCwm7pmNqe-Q4NUFWqxbbVOtCyKRaQ20FrtMtWx3HTk0DzDeOeFkoeOnLCKNuepIj5vFMtjb6WFHtNXdDMH4O0mGGKkhpBmsjoJUT7HA0pc9o-PU1ia5iWuQsFMpa1NpZtdEo_xf90DTBt1IzVP_p-pne_riG2eptH3XssMoO2pkW-w==&p=2&fvj=0&vjs=3
Data Scientist,Data Bridge Consultants,"Charlotte, NC","3+ years experience in machine learning, data science, data engineering, and/or computational software development.",,Today,https://www.indeed.com/rc/clk?jk=f2f7876be2abbdc5&fccid=eb7bcec5d5284bf2&vjs=3
Data Scientist,Sealed Air Corporation,"Charlotte, NC","Design, build, and extract large and complex data sets while thinking providing insights into uses of data and how data use interacts with data design.",,Today,https://www.indeed.com/rc/clk?jk=33ed38beb2843cdd&fccid=66c010dc97a69d7c&vjs=3
Senior Data Scientist,Sealed Air Corporation,"Charlotte, NC","Designs and develops IT architecture (integrated process, applications, data and technology) solutions to business problems in alignment with the enterprise…",,Today,https://www.indeed.com/rc/clk?jk=bad42114fb5c5bc9&fccid=66c010dc97a69d7c&vjs=3
Data Scientist,XPO Logistics,"Charlotte, NC","1-year experience in data science with a focus on pricing analytics, statistical modeling, machine learning, forecasting and optimization.",,8 days ago,https://www.indeed.com/rc/clk?jk=691394f5dd643da2&fccid=518acc75d1476dc2&vjs=3
Strategic Analytics – Data Scientist,Deloitte,"Charlotte, NC","1-2 years of relevant work experience as a data scientist is preferred.
Our project-based team is looking for a Data Scientist who will be responsible for…",,30+ days ago,https://www.indeed.com/rc/clk?jk=dbca3f92a4d6bbab&fccid=9e215d88a6b33622&vjs=3
Data Scientist - Marketing Analytics,"Octapharma Plasma, Inc.","Charlotte, NC",Leverage a variety of data mining/data analysis methods in order to test and propose effectiveness of difference courses of action.,,1 day ago,https://www.indeed.com/rc/clk?jk=9e0bf887557891c2&fccid=3a089e5046801bd7&vjs=3
Data Scientist,Progress Residential,"Charlotte, NC","We evaluate and use the latest technologies that help us perform the financial engineering, geospatial analysis and data science necessary to manage over $10bn…",,8 days ago,https://www.indeed.com/rc/clk?jk=14f7fca9c89e63da&fccid=7e6b47a026e08769&vjs=3
Data Analytics Co-Op (Summer/Fall 2021),Collins Aerospace,"Charlotte, NC","Supports machine learning to improve business productivity in analytics.
The Data Analytics team is seeking an intern that will work closely with Data Analytics…",,15 days ago,https://www.indeed.com/rc/clk?jk=201485e748a6df7f&fccid=3d30677097704d8f&vjs=3
Data Scientist (Financial Services-Remote),Ayasdi,"Charlotte, NC","5+ years hands on experience delivering machine learning applications in financial services with demonstrable results.
MS or PhD in quantitative field.",,16 days ago,https://www.indeed.com/rc/clk?jk=03b5b0a75306dc6e&fccid=64cffe395a99ee45&vjs=3
"Senior Data Scientist, Trust & Safety",Credit Karma,"Charlotte, NC","Build machine learning models to detect various types of fraud and risk.
Good understanding of machine learning algorithms and frameworks (e.g., regression,…",,9 days ago,https://www.indeed.com/rc/clk?jk=b82a5debdb632569&fccid=18a0fc6503dc7b4e&vjs=3
Actuarial Data Scientist,Selby Jennings,"Charlotte, NC","Further the development of their data analytics tool-kit.
Create data analytics tools that will serve as the basis for establishing best estimate assumptions…",,4 days ago,https://www.indeed.com/pagead/clk?mo=r&ad=-6NYlbfkN0Ac1dQX5O4bM0SP6UJQV27qUKlsnOLo2dFi0v4Kq4pXXbjTLEo__hQoGQbeCuKJDt0JoMTZ3hivDJF-6sN_Mm8oRF7U6XsMm4g0mV-otUuPQAfQ00udzbpvkrOPFPUg0o9jBlDX6_wWqDNWjPyceUxZklgChuy8fnLJAy9tKfgiBYEYV6kwX43Dfow76pUnAuyZZEQw_txfxqvlPf7I_GDNl9yQFqA9xeV65VHLWBvlzFErysATBJX3gUQdJb10tt4BuEqj17-MhRUF9Z_HtEEbZU9JLGWDfl9UY0PAVMSK2ovVQ_uGxN81aSks-g2XkqraRh477NwJHZ5NQGdO79ifevk6jY6U24p4IY1TQ8eJmaLBSx319sMtRJ4CyNSMdcxEqilqvwl9kYOJIAyUJuJlVP4GbOGPsfGyttYk_bS4nh9pM2V6BOdAVndkIG0CQg-CkmeRLmXXVzfemOPNVaEgzSqJN8JZNVBAGS1lcVPBnwleOCkvHkyXEg4tL1kJ7044Jf0GGBnJag==&p=13&fvj=0&vjs=3
Data Science Fellow,The Data Incubator,United States,"By the end of the program, you’ll have the skills and tools you need to become one of the leading data scientists of the future.",,30+ days ago,https://www.indeed.com/pagead/clk?mo=r&ad=-6NYlbfkN0AFcTrA1_uKpZHrLOjwp2Xyaym5SxGSiM5Y5L77SresXLp9O6CsoIptZaJuEMhR_zGKN2gn9c3kTqK4V6I8mfRTLMkDAwGdnsN54yD75HhxeJxvIt9b-NRCrXWNVkDviX4GHpU8x9omX4ozSueFNmfv4Bhb5buDaz9onqFjj8KVNynv_fvv1XCsfcuLzA-PUQ7hf9blQ4XOAX2ha-AgsqxSxHykea4VygxZeBe6TWiw6VWi2ff1YLK2dgbBlSgW-aGxt5-GdebpfGfTVhIFt-w8gRfHN1-wphiyXxasp40inWLwBEIgrnkkgRPLEqAIK4vWwPid02hB8Otf2mbxtZu-diqajCcyUddz2kRForUrUFlmiY0DKYrFEdpbBoq9veawlc9Z-1DGyiC3ijXu_pYx-pJGRxWtwFd1x8-pVWzqv_vEvmvybNmFKVpAUMtLslTHSvt7UWhWYQ==&p=0&fvj=1&vjs=3
Actuarial Data Scientist,Selby Jennings,"Charlotte, NC","Further the development of their data analytics tool-kit.
Create data analytics tools that will serve as the basis for establishing best estimate assumptions…",,4 days ago,https://www.indeed.com/pagead/clk?mo=r&ad=-6NYlbfkN0Ac1dQX5O4bM0SP6UJQV27qUKlsnOLo2dFi0v4Kq4pXXbjTLEo__hQoGQbeCuKJDt0JoMTZ3hivDJF-6sN_Mm8oRF7U6XsMm4g0mV-otUuPQAfQ00udzbpvkrOPFPUg0o9jBlDX6_wWqDNWjPyceUxZklgChuy8fnLJAy9tKfgiBYEYV6kwX43Dfow76pUnAuysbkbYtGZcX_x1owqYInjAKmk2y3u2hAE3FKLe_Grs2VGRq2a2Lvt-nqowEhLjouOuEh9dx_AE3EyZeB_e_BRQh2M13mMVuD-G-9HRcCmLxgxplTUrKxiI6xe-WppZ53HoxYcdbN0_2VHspVqMw3qrYT6C_Ufw12Gv8nGH8kwiUuGDnzA9T3nnSYojkY9gj6QBiND8D8g_yMoTd0iWHmYwtshNwF2o-ZooYpAwrKNUuJq-gDfwb9-oZYvALxhcwjkbYS310-rM7aURkqHCC7EmFXoYp9l5_gxDRpZrrFBBSHJvyzZ6SB_LnX6xujkAc3dX8Ek9dfu3Cw==&p=1&fvj=0&vjs=3
Senior Data Analyst,Bank of America,"Charlotte, NC","Proficient in data management to include strong data analytical capability.
Ability to create management level reporting using aggregated bank data.",,3 days ago,https://www.indeed.com/rc/clk?jk=1deb772a9a3b5e2b&fccid=5bd99dfa21c8a490&vjs=3
Sr. Business Analyst/Data Analyst,Golden Mask Inc,"Charlotte, NC","Applies knowledge of industry trends and technology to drive organizational change and position XYZ for the future.
No C2C vendor's are applicable*.",,5 days ago,https://www.indeed.com/company/Golden-Mask-Inc/jobs/Senior-Business-Analyst-Data-Analyst-7bf6b77f458817a5?fccid=618c242ebca5ec4d&vjs=3
Sr. Data Analyst,Ingersoll Rand,"Davidson, NC","5+ years of relevant work experience, including 3+ years in data analytics / data science in a fast-paced, complex environment.",,3 days ago,https://www.indeed.com/rc/clk?jk=19df70963e628880&fccid=2e3453ae2db0c66d&vjs=3
Data Scientist,Lowe's,"Charlotte, NC","2 years of experience in data science or advanced analytics in industry.
Works with more senior level scientists on the team to translate requirements into an…",,19 days ago,https://www.indeed.com/rc/clk?jk=65f965759d703088&fccid=9a55d5dc8c10ef41&vjs=3
Senior Data Scientist,Data Bridge Consultants,"Charlotte, NC","Build complex advanced-level machine learning and advanced analytics models.
Conduct data analytics with the relevant programming / statistical package (such as…",,30+ days ago,https://www.indeed.com/rc/clk?jk=a54f94db6f4866af&fccid=eb7bcec5d5284bf2&vjs=3
Intern (Data Scientist - Population Health IT -Undergraduate - Summer),Centene Corporation,"Charlotte, NC","The intern will shadow, and support data scientists that are developing various Machine Learning models to be leveraged by the Population Health engineering…",,30+ days ago,https://www.indeed.com/rc/clk?jk=f8645eb1cb578264&fccid=5ece327da33e0274&vjs=3
Sr. Data Scientist,Lowe's,"Mooresville, NC",Leverages deep understanding of statistical techniques and tools to analyze data according to the project plan; communicates with stakeholders to provide…,,15 days ago,https://www.indeed.com/rc/clk?jk=dfd2becebe6e12d6&fccid=9a55d5dc8c10ef41&vjs=3
Regulatory Sr. Data Analyst,Bank of America,"Charlotte, NC","This role will collaborate closely with wholesale credit teams, reporting production teams, data owners, finance/risk reporting teams, and the CFO Group to…",,3 days ago,https://www.indeed.com/rc/clk?jk=be4daa67e675be30&fccid=5bd99dfa21c8a490&vjs=3
Sr Clinical Data Analyst - OPR GI/MI Surgery,Atrium Health,"Charlotte, NC","Compiles, analyzes and distributes pertinent clinical data as it relates to outcomes and resource utilization; provides support and monitors assigned facilities…",,9 days ago,https://www.indeed.com/rc/clk?jk=a0e001aa38bdc1d0&fccid=b533ab2927d30db7&vjs=3
"AVP, Data Science",LPL Financial,"Fort Mill, SC","Structure and develop recommendations to solve complex problems leveraging advanced analytics (data mining, predictive modeling and machine learning).",,30+ days ago,https://www.indeed.com/rc/clk?jk=7b8f3c9a2ffbd16a&fccid=bba3b2578c9adb92&vjs=3
Data Science Consultant SME,Meridian Technologies,"Charlotte, NC","Perform data exploration and data mining.
Discover business narratives told by the data and present them to other scientists, business stakeholders, and…",,30+ days ago,https://www.indeed.com/pagead/clk?mo=r&ad=-6NYlbfkN0DMSIhDZ4aDe3idA9JYTkRcS2uZLmhduZ-CxViPWE3bMTqEU9-91rTLqSIIAEWrTw0yFo4pBgL7V3QPczLkgSFtlnVfmybPf7fAU63wq7QNl0b7hYa2lwnK7npYhAmpIaEGAwLzBnr1HzuVarP4TQh3eyrmXGJWMlJ8V8WZ7Mu_2BeKs-IFnOIgqFhKR0VMXW9vNRbIb6Jjb33bamMbIcz5Bjp6rMkTui-QtcQjdga_o_NDjYVH1u8F62rv9WKYMXgKcy4K8CVzLztio2z20yOYUj-xA4piX4-tBPX0M0IgA6UCyHaZ4pUA4i2LzjCy93VrApXu3vtKxICGi6zuCX7m0ulaYb3OG7ed0HdSIXkWd6BG9I7FV7OPLL6fkEETqrDoSKrNc_vAbQa7GW0HUOl_5k7-RHtckM0lIYyLzcrXw8wO2h-DTmzT07H7z_iXiWHxWG0r64Zt3Iig-pmT8GiVq8JZ1xu0ITk=&p=12&fvj=1&vjs=3
Data Scientist,"Pyramid Consulting, Inc","Charlotte, NC","Perform data exploration and data mining.
Client business narratives told by the data and present them to other scientists, business stakeholders, and managers…",,17 days ago,https://www.indeed.com/pagead/clk?mo=r&ad=-6NYlbfkN0Bjic9BpODao-m9BEup4myv2yv9o6hanv70kCRpjMjSDcmmrD9YS-C3oR4_7EU-DV3_MOd0n6ADolXtSPDqZc3MQsNbHGun35yurOGzxnQbNSozOUufdZLietqTDPBZJ_DhNOQ0QC8CfOaU5KPiSoeAcs_DyGCXDbX9PsuSm3cTt52fHlIFfoeriw8WaVXUaF4P--P6OTWPOqGoIzfdIblO6h9anVTZRULUsgfeIDBAs816wRCzFz6cdo024HuZihlSPIsWv6MA98ed91CTr6a3f8CpQ282MtlAvIExnSPWsiF4CBG1FUpK21cWEgcAWj_aIzhSz5YelfD7TlS4-tHqKchfil55YGbqbJnWCUtzWETZTlsG_EfuKFusPk0nIn9mUa1C_wLsZL0OTo4RgM-c6mGrXMCDJq8c1DOR5r9XlbgjyG_qM_YWVUCp0V-t-hNvPfvfKhhUPXEgmITqNmApv8WDwwFrDfLCNrPagUzELP_Qwl-gvznAYwrSOzLKpb_k06V_RYe07dWgdJU1EOOG3wQh_1SfGNBnbn22c8ZoQl1cPei_TIHsGOXaTLy_dDS6gTYTdobMYADOO81achpiJxiH40IiVrbjoQfEQAPGVfrx4qs-aOAVugnFvpHt2c1zsq3b4NIqJ03AxDFZvXv68mNiUcXmsWUc5bzughdFYmfi8SFR_fIZ9PijnxsF3gBg69mN0nhET3QmwLuAt6VeFgs8MysLt5VSy2r5a2KaslLrS3gN3M-3s7rH9LtZskXAQuhAwNRz75wIPuGxShwdM0emcz1NYjef2Vjmj3FBdYcF9WLx6wrE9MEthvICW00Kmizfk8qc_FYqIS99Gwcxd5bxSr__9XS_p0Y23KE071W-LL0K1cWlWv23AUArIkwNhWvfSJ75CplSMpTyZvDPcVpg7BJPAgHYZ03y2fWb8h5yhyTwM3LyhaLyw6YfCrtVoDJ3QIwdUdrbvqU_hfR7GvAgboKTGcCPSTvOr_Ld1Q==&p=13&fvj=0&vjs=3
Data Scientist,AccruePartners,"Charlotte, NC","Opportunity to analyze various sets of data to help identify various trends along with optimizations.
3-5 years of experience sourcing cleaning and validating…",,30+ days ago,https://www.indeed.com/pagead/clk?mo=r&ad=-6NYlbfkN0Cmq1pj5Dwku4j-j-jMxiR3p8DjIx5wPgrGZP7N5_dynGcPrp9S6jFT9rQaxa2Xft6ZhfuCJ3nISOVyKdn6K_hPODsRhi1N-a_TAHK2MwRO8kgnDnXpKmCk-Lwe7DNQ-KwPzj_l15CTlcMEFbGAvWQEDLFnZbQO_qOyM7xRb-0FlNRNapSCWaD3_m6Zbg7d1uFOEyAGvJeq3e_ptG7fRWO2kFeo7T7sPOA3SBf4bUAg77dCQEWis2cVBegPE0VLXmjcglbqZS2ESPQMBOgHXG7Sipho4HEcPtqwXyw-0S4XFEen_B19OsXEwyMNBtbiUJVVglfeGxQ-NSG-ZHoAE38MtvR2k57nDQjHoL6BYC9Du9-BhOpSmYVWDQfvTL-U5aluhKTrqxJgZYPI-An-knRNGVjH2ydeR7l9yPHswt6SnUNB07PXhdIGwP7SkPgyIEpuMtNgEpQlBA==&p=14&fvj=0&vjs=3
Data Science Fellow,The Data Incubator,United States,"By the end of the program, you’ll have the skills and tools you need to become one of the leading data scientists of the future.",,30+ days ago,https://www.indeed.com/pagead/clk?mo=r&ad=-6NYlbfkN0AFcTrA1_uKpZHrLOjwp2Xyaym5SxGSiM5Y5L77SresXLp9O6CsoIptZaJuEMhR_zGKN2gn9c3kTqK4V6I8mfRTLMkDAwGdnsN54yD75HhxeJxvIt9b-NRCrXWNVkDviX4GHpU8x9omX4ozSueFNmfv4Bhb5buDaz9onqFjj8KVNynv_fvv1XCsIK6K9WUrCTUGBAu2HbadIkWqhLmkgrujgil7GHD67vfQBU5p4oNtucucmWZ7NAWgiQZLIUK24XStc5Y6oErDl45jPMpoaxzJmvyQ4BFLj48p-r87sKbfAp8MF13sgdVCPjmVAUVmS8KviRcRJFXYkA6iT6GWISTT0tklzbsc-3kaYm2SSyiZc8EjyWMCTlK2Otz6URX4ihShR3dkyGTqYzc5B0zT5POKOhbPt9pwhp_n8fTwYmTOygzQZMvBmTGoJoP7vGSJCblt9iXKdIhaVg==&p=0&fvj=1&vjs=3
Actuarial Data Scientist,Selby Jennings,"Charlotte, NC","Further the development of their data analytics tool-kit.
Create data analytics tools that will serve as the basis for establishing best estimate assumptions…",,4 days ago,https://www.indeed.com/pagead/clk?mo=r&ad=-6NYlbfkN0Ac1dQX5O4bM0SP6UJQV27qUKlsnOLo2dFi0v4Kq4pXXbjTLEo__hQoGQbeCuKJDt0JoMTZ3hivDJF-6sN_Mm8oRF7U6XsMm4g0mV-otUuPQAfQ00udzbpvkrOPFPUg0o9jBlDX6_wWqDNWjPyceUxZklgChuy8fnLJAy9tKfgiBYEYV6kwX43Dfow76pUnAuykNJC32at0B1-pvSuI0f5-BPxWfyHYyh2MhmfD1yfHAnJMV6gGtCmAy3DFmhixrkqt_1Ngg7b5zMgF3CrrRQG--7TXNEBm1d03t21FBOs3zcQv6a4W1N0n4g6hX-VRg9UmdDRYbd0pY7DxF6EJ46eYEiZlzDXVBOXvIWyY-_Va1PRTlLkDRbhOaWD8RLH3d51MC2z-WyInlZ0VeL2ffALvj7GTlHVe0q5ZYeNhmuLLB_tCfTKBw_rD6bQF2niIg7ZVSfT6vj4-V01-wJrE7gZ_VoGqNL81nVQLsVbvWdlJpp7uhoOhYCtToLpDicxS2w1UWAvtQYx3JA==&p=1&fvj=0&vjs=3
Senior Data Scientist,Red Ventures,"Charlotte, NC",Mentor and/or manage junior data science team members and serves as a subject matter of expertise in data science internally and externally.,,30+ days ago,https://www.indeed.com/rc/clk?jk=cba1c38cbe4f3735&fccid=c39dcf34372f1519&vjs=3
Data Scientist - Pricing Analytics,"Octapharma Plasma, Inc.","Charlotte, NC",Experience using machine learning techniques listed above to drive strategic decisions from raw data to actionable insights.,,1 day ago,https://www.indeed.com/rc/clk?jk=003edaec953895d4&fccid=3a089e5046801bd7&vjs=3
Data Scientist - Nationwide Opportunities,"Amazon Web Services, Inc.","Charlotte, NC",Experience in an ML engineer or data scientist role building and deploying ML models or hands on experience developing deep learning models.,,30+ days ago,https://www.indeed.com/rc/clk?jk=5b8ce7f9ca91572e&fccid=fe2d21eef233e94a&vjs=3
Sr. Data Analyst,Apex Tool Group,"Charlotte, NC","Transform data into actionable insights.
Advanced proficiency with Tableau is preferred but strong experience with other data visualization programs will be…",,8 days ago,https://www.indeed.com/rc/clk?jk=b85ecfeb83bd5716&fccid=41b1557be1503174&vjs=3
Sr Data Analyst,The Hartford,"Charlotte, NC","The Data Engineer, Data Governance will manage the strategy, implementation and oversight data standards, profiling, modeling conceptual relationships, and…",,30+ days ago,https://www.indeed.com/rc/clk?jk=ea18a8f19dc2152a&fccid=25d3835187829237&vjs=3
Principal Data Scientist,Premier Inc.,"Charlotte, NC","Although not required, it is desired for the data scientist to have a clinical background and understand how clinicians wish to deploy analytics in support of…",,30+ days ago,https://www.indeed.com/rc/clk?jk=25d36093975344de&fccid=11802080879afc60&vjs=3
Sr. Data Scientist,MSC Industrial Supply,"Davidson, NC","O Collaborates with cross-functional data and product teams across business applications to access and manipulate data, explain data gathering requirements,…",,30+ days ago,https://www.indeed.com/rc/clk?jk=975adf531dba07c7&fccid=03d1cab2c90ea3c2&vjs=3
AI/ML Developer,TCS,"Davidson, NC","6+ years of relevant exp in AI/ML.
Data Streaming/processing– Kafka / spark / scala.
Data flow understanding and Analytical capabilities.",,5 days ago,https://www.indeed.com/rc/clk?jk=8af8ad8dcdf16086&fccid=c78fdfc4443d4537&vjs=3
"Sr. Manager, Data Science",Lowe's,"Charlotte, NC",Maintains expert-level knowledge on analytical trends and emerging methodologies used to perform consumer data analysis and data modeling techniques used to…,,8 days ago,https://www.indeed.com/rc/clk?jk=fcd01484034198ae&fccid=9a55d5dc8c10ef41&vjs=3
"Software Engineer, Data Science",Red Ventures,"Charlotte, NC","Working knowledge of machine learning a plus.
We maintain a tight loop between development, feedback and deployment, which allows us to build world-class…",,30+ days ago,https://www.indeed.com/rc/clk?jk=35d400370878574e&fccid=c39dcf34372f1519&vjs=3
Data Science Consultant SME,Meridian Technologies,"Charlotte, NC","Perform data exploration and data mining.
Discover business narratives told by the data and present them to other scientists, business stakeholders, and…",,30+ days ago,https://www.indeed.com/pagead/clk?mo=r&ad=-6NYlbfkN0DMSIhDZ4aDe3idA9JYTkRcS2uZLmhduZ-CxViPWE3bMTqEU9-91rTLqSIIAEWrTw0yFo4pBgL7V3QPczLkgSFtlnVfmybPf7fAU63wq7QNl0b7hYa2lwnK7npYhAmpIaEGAwLzBnr1HzuVarP4TQh3eyrmXGJWMlJ8V8WZ7Mu_2BeKs-IFnOIg7YZ7qA72vMdK4Y7ImhzvcZGeFrvUndDWQaE0HS4nFHHAKIEAbSeLmbYjilp6PSZdB6F0v79OGBoedeF-OwK7Nikmh1K9XbPbtXhyFosb6TrlyvGpq8k6rxPYznEX2D1wTYfINYII1CJMo6oJXwCYdOlKLUg8BmC-TrM2_josU1kr7YhEnnQF13Zx9nMyFPH_Kel57BKGg4jHF8GOOrz8PsYSmre45pG2uuLGj_zMS_mXpGafFmDiipKYUhL8DePuwxf2vEqgNLbBcUPe_kYoxDHOUZZeol-1fD9cRPTFA7o=&p=12&fvj=1&vjs=3
Data Scientist,"Pyramid Consulting, Inc","Charlotte, NC","Perform data exploration and data mining.
Client business narratives told by the data and present them to other scientists, business stakeholders, and managers…",,17 days ago,https://www.indeed.com/pagead/clk?mo=r&ad=-6NYlbfkN0Bjic9BpODao-m9BEup4myv2yv9o6hanv70kCRpjMjSDcmmrD9YS-C3oR4_7EU-DV3_MOd0n6ADolXtSPDqZc3MQsNbHGun35yurOGzxnQbNSozOUufdZLietqTDPBZJ_DhNOQ0QC8CfOaU5KPiSoeAcs_DyGCXDbX9PsuSm3cTt52fHlIFfoeriw8WaVXUaF4P--P6OTWPOqGoIzfdIblO6h9anVTZRULUsgfeIDBAs816wRCzFz6cdo024HuZihlSPIsWv6MA98ed91CTr6a3f8CpQ282MtlAvIExnSPWsiF4CBG1FUpK21cWEgcAWj_aIzhSz5YelfD7TlS4-tHqKchfil55YGbqbJnWCUtzWETZTlsG_EfuKFusPk0nIn9mUa1C_wLsZL0OTo4RgM-c6mGrXMCDJq8c1DOR5r9XlbgjyG_qM_YWVUCp0V-t-hNvPfvfKhhUPY-nkGZouY5ANFXrUAZ73op66xtQiRMgT2EuMxXcDrlDDxxaIq9468iPhSqBRkDLhuzF53YD-ZqeHit-DbjULHoIFziNQCTurxuk3Rwb1uZZ8D-7BpOK_ID6wZBSpt88saWBxheexLVkhmJn7OWFQ28G2AANM7RCOv7Ae74qgvGSvKKUJZp_IXvCSmL_7JiwgFUBSyyLq_SXTomv2cpAbsvL4bw1bjvY__35qH1h6Pkacx5moyGLfmqovRWVJa9Cbf3gvOwN20IOdXdJZL74H4iRjHGQGFyADNToOFxHRNvGDN1-U_kmGut2MT42XuIsq3PYp-byVe9G8wAj_grX95BDbJUq-BMWOZifqVYc-QkVyUyd_Gd-DY7BLezgjuu-ZzcGVEpoexn5tcOdBqKw0j2bTQi-GYSt9O8QxM3dBwW_HlQmaIDQmQTLdLX-5C4ZFqysDGPTx7Q3KiL5mPxQ90fZqRzXcuikwyheyiI_tBMvNL8aAgklhF-rI9tTceWF64HTUUwNSScTaS0LEUjlNPyQbMLQGc6WZg==&p=13&fvj=0&vjs=3
Data Scientist,AccruePartners,"Charlotte, NC","Opportunity to analyze various sets of data to help identify various trends along with optimizations.
3-5 years of experience sourcing cleaning and validating…",,30+ days ago,https://www.indeed.com/pagead/clk?mo=r&ad=-6NYlbfkN0Cmq1pj5Dwku4j-j-jMxiR3p8DjIx5wPgrGZP7N5_dynGcPrp9S6jFT9rQaxa2Xft6ZhfuCJ3nISOVyKdn6K_hPODsRhi1N-a_TAHK2MwRO8kgnDnXpKmCk-Lwe7DNQ-KwPzj_l15CTlcMEFbGAvWQEDLFnZbQO_qOyM7xRb-0FlMHHL1WuWJKXOQAyKJHBumhrLleN2eO1EKIYbYAVWv4bCXafpm4IraG2f4q5L_HbOGlFavoS_gA06TxLP24Kzc-j6BKcVUOOi2EMUaYj0dUE6R7stfGf_3GkJMBwZmC6SuOEk1SlMoIMrFY36-tr54YOk-ievkCRqQTn6S8J7PYkeW5SqNZ2gkK6hAX24oPZfvJmlDJrzi0P_twN3DdwEaiHlcmvM1dJeH7ZOE_ndeVzc8H4TRlhhBz7iuKL0GuFu7V_oObB2O7FkRAaQZzN8u0t_gfoI-rxIg==&p=14&fvj=0&vjs=3
Sr. Business Data Analyst,NTT DATA Services,"Charlotte, NC","Create reporting metrics for senior leadership/stakeholders to indicate workstream(s) status and health.
1+ year(s) of experience developing reports, analytics,…",,18 days ago,https://www.indeed.com/rc/clk?jk=171a1b17c28eec77&fccid=ac38a400acc8fe73&vjs=3
Machine Learning Engineer,Universal Logic,"Charlotte, NC","The job entails working with a dedicated, highly educated team of engineers to develop and implement machine learning algorithms and robust reactive robot…",,30+ days ago,https://www.indeed.com/rc/clk?jk=44afaa6f2aa60431&fccid=62f69cfae54b5af9&vjs=3
Machine/Deep Learning Postdoc Fellow,UNC Charlotte,"Charlotte, NC","The incumbent will develop and apply machine/deep learning methods for big data analysis, integration and visualization.",,18 days ago,https://www.indeed.com/company/University-of-North-Carolina-at-Charlotte/jobs/Machine-Deep-Learning-Postdoc-Fellow-a799366a8ae99fea?fccid=75335e89972ea010&vjs=3
"Senior Data Analyst, Connected Services",Red Ventures,"Charlotte, NC","In this role, you will work closely with business partners and data team to identify, design, and implement data products and strategic insights that simplify…",,30+ days ago,https://www.indeed.com/rc/clk?jk=6f11ca563f5a5683&fccid=c39dcf34372f1519&vjs=3
Business Insights Artificial Intelligence & Intelligent Automation Managing Director,NTT DATA Services,"Charlotte, NC","Our consultants work across industries, bringing expertise in data, data science and analytics, intelligent automation, and technology advisory.",,8 days ago,https://www.indeed.com/rc/clk?jk=af4d706decf11b9e&fccid=ac38a400acc8fe73&vjs=3
WorkFusion Machine learning Consultant,Infosys Limited,"Charlotte, NC","The candidate will help manage Cognitive Automation Projects.
The candidate will apply knowledge of technologies, applications, methodologies, processes and…",,17 days ago,https://www.indeed.com/rc/clk?jk=3a5cdba6cf6190e6&fccid=c67533a523c83a4c&vjs=3
Sr Data Scientist with DOD required,Data Bridge Consultants,"Charlotte, NC",C#.NET Framework Familiar with Java Enterprise Familiar with Rest API Familiar with Node JSA deep passion for innovation and problem solving Skills that are a…,,30+ days ago,https://www.indeed.com/rc/clk?jk=e5a689de25dc4e44&fccid=eb7bcec5d5284bf2&vjs=3
Senior Big Data Engineer,Wells Fargo,"Charlotte, NC","Extracting business data from multiple structured and unstructured data sources, utilizing data pipeline to ingest data in Enterprise Data Lake (MapR DB HDFS).",,4 days ago,https://www.indeed.com/rc/clk?jk=92c3f8f6d6c20b40&fccid=78bbcd26e39621f5&vjs=3
Data Management Consultant 3 / Personalization Artificial Intelligence / Machine Learning (AI/ML),Wells Fargo,"Charlotte, NC","Serve as a data subject matter expert (SME) to provide data profiling, requirements creation, target state capabilities, and general data analysis support.",,16 days ago,https://www.indeed.com/rc/clk?jk=fad48318ffa9e874&fccid=78bbcd26e39621f5&vjs=3
Senior Data Analyst,i3infotek,"Charlotte, NC","Self-starter, Quick learner and able to glean insights from the data and present it clearly.
Experience identifying critical data elements, knowledge of Data…",,30+ days ago,https://www.indeed.com/rc/clk?jk=234a18b8d46684ac&fccid=aaca0acec9393413&vjs=3
"Data Strategy Architect - Cloud, Big Data, Analytics, ML/AI/Data Science",Cambay Digital,"Charlotte, NC","Own the technical relationship with the client, be a technical subject matter expert and principle data evangelist across the planning effort that intersect the…",,30+ days ago,https://www.indeed.com/rc/clk?jk=997f07d89faf553f&fccid=36554b721e565cc7&vjs=3
Technology Executive - Digital and Data Leader Collections and Servicing,Wells Fargo,"Charlotte, NC",Demonstrated ability to manage a large portfolio of technology efforts across several major lines of business and effectively partner/influence at the senior…,,9 days ago,https://www.indeed.com/rc/clk?jk=798f2bef32285978&fccid=78bbcd26e39621f5&vjs=3
WorkFusion - Machine Learning Senior Consultant,Infosys Limited,"Charlotte, NC","The candidate will help manage Cognitive Automation Projects.
The candidate will apply knowledge of technologies, applications, methodologies, processes and…",,18 days ago,https://www.indeed.com/rc/clk?jk=d3f059a320fa13b5&fccid=c67533a523c83a4c&vjs=3
Machine Learning Engineer,Botkeeper Inc,"Charlotte, NC","Work with data engineering teams to enrich the data that is available for training models, make recommendations for new data sources, and implement data…",,30+ days ago,https://www.indeed.com/rc/clk?jk=a0cac97e6f7edb72&fccid=80b98474118bfc17&vjs=3
Data Scientist,MSC Industrial Supply,"Davidson, NC","O Collaborates with cross-functional data and product teams across business applications to access and manipulate data, explain data gathering requirements,…",,30+ days ago,https://www.indeed.com/rc/clk?jk=a8e097f67674aca8&fccid=03d1cab2c90ea3c2&vjs=3
Data Science Consultant SME,Meridian Technologies,"Charlotte, NC","Perform data exploration and data mining.
Discover business narratives told by the data and present them to other scientists, business stakeholders, and…",,30+ days ago,https://www.indeed.com/pagead/clk?mo=r&ad=-6NYlbfkN0DMSIhDZ4aDe3idA9JYTkRcS2uZLmhduZ-CxViPWE3bMTqEU9-91rTLqSIIAEWrTw0yFo4pBgL7V3QPczLkgSFtlnVfmybPf7fAU63wq7QNl0b7hYa2lwnK7npYhAmpIaEGAwLzBnr1HzuVarP4TQh3eyrmXGJWMlJ8V8WZ7Mu_2BeKs-IFnOIgSZakUolON8GLpz0HFVqExJhNme_9j8KQtjvbFYlINnH4mnDBa5t56ifNgi8xF_3FAnbQaSrhbTIFEu71UvorKReRyFGZGVZJ8meeqPwKCNqAqwnNm7_Hb219CqwxbiFqzAf6MFhnY9LIzsIjPY4xPqjgUTd3k0qz38j5Z1ckbWTu9isdeFoTFQPhL2uKUrZVkp8kxWmhoNcOagT8c2lf0rsNNiBLWvcsFJe8bPf6JrATFWVDqydY3RZUwCEZ6nBl5qNEYoI3iflBnkqpVDSpKZf6P_ReyuTGKFcomS6snho=&p=10&fvj=1&vjs=3
Data Scientist,"Pyramid Consulting, Inc","Charlotte, NC","Perform data exploration and data mining.
Client business narratives told by the data and present them to other scientists, business stakeholders, and managers…",,17 days ago,https://www.indeed.com/pagead/clk?mo=r&ad=-6NYlbfkN0Bjic9BpODao-m9BEup4myv2yv9o6hanv70kCRpjMjSDcmmrD9YS-C3oR4_7EU-DV3_MOd0n6ADolXtSPDqZc3MQsNbHGun35yurOGzxnQbNSozOUufdZLietqTDPBZJ_DhNOQ0QC8CfOaU5KPiSoeAcs_DyGCXDbX9PsuSm3cTt52fHlIFfoeriw8WaVXUaF4P--P6OTWPOqGoIzfdIblO6h9anVTZRULUsgfeIDBAs816wRCzFz6cdo024HuZihlSPIsWv6MA98ed91CTr6a3f8CpQ282MtlAvIExnSPWsiF4CBG1FUpK21cWEgcAWj_aIzhSz5YelfD7TlS4-tHqKchfil55YGbqbJnWCUtzWETZTlsG_EfuKFusPk0nIn9mUa1C_wLsZL0OTo4RgM-c6mGrXMCDJq8c1DOR5r9XlbgjyG_qM_YWVUCp0V-t-hNvPfvfKhhUPW0j_4JXgqL2ajeNYTLWVIVlNu40-WTFDxz4UEnO2sXf99r7B9jv5IYrgp7Cwyo4ubugBR9gxV-KJTYrpEKl77E6MgQXHbZKQz_IJapJjJH8FbARu35mmbT0Iit1j0yE7b0_EhqZEdII-qAXEDdhFwUNyTKx3ClPwIIki6VdZdZwUxGizaMryc2Xy9ZVKMZ8aeCFXsWBLLi_vNVu8JROFSk14BF_yIxJbD9KP9v1qucTsexSVpJExg89deydtxjWPL3ROgNqXXzcuPBBnFCSZ0lRM_OVypd4OaWYOEQM1MdC5-j1VTbtjAFZmYTlfgnDQrZn7wgmcKmia57dD0WbkNS5G1Lyo8DI6LgMRTE2-BYGWYgxkCa8_ccs9Xj6aqiCjDbzpMc5DBneS963zAX2iIITItLOgmEH9VqZpCUOiRy0akyoLd4X_Z14ukMeTckbOmNButdoW2pgnC0NgYVM-TFsWt6mGzDYYG2PZU_qfUyi6dtjZ98o4Mh-saX_C0dvoGNlHboUEFH0N9XnYWFiEC0_cbvHskXzew==&p=11&fvj=0&vjs=3
Data Scientist,AccruePartners,"Charlotte, NC","Opportunity to analyze various sets of data to help identify various trends along with optimizations.
3-5 years of experience sourcing cleaning and validating…",,30+ days ago,https://www.indeed.com/pagead/clk?mo=r&ad=-6NYlbfkN0Cmq1pj5Dwku4j-j-jMxiR3p8DjIx5wPgrGZP7N5_dynGcPrp9S6jFT9rQaxa2Xft6ZhfuCJ3nISOVyKdn6K_hPODsRhi1N-a_TAHK2MwRO8kgnDnXpKmCk-Lwe7DNQ-KwPzj_l15CTlcMEFbGAvWQEDLFnZbQO_qOyM7xRb-0FlNPZ4JoRF68UU-gVvpyfol5fJKg84N6MyvPYY5LGFOuNjiRmfcBfoJ8nXfiWrxJyouellqwjqhOdb48QE1erYo-GBCgV8w5p4HO-IFc8xV5opiOfTZ9u_A2o-X38MnXkrB7jVtRMNzR-pe9b9UzKukOlWvqC1Ubf5hZsZnlvzw7naiFU6mpwZX__ZLX_X7mKDjJflRURsMW9ckt9IR6z2P8ex_aOyh8f9nppZ8JD5tDnQCdbWxna7jHExXNBZQeFGvuUFrDG-7NLyuMamB-mcVa2EEsyO-BRFg==&p=12&fvj=0&vjs=3
Data Science Fellow,The Data Incubator,United States,"By the end of the program, you’ll have the skills and tools you need to become one of the leading data scientists of the future.",,30+ days ago,https://www.indeed.com/pagead/clk?mo=r&ad=-6NYlbfkN0AFcTrA1_uKpZHrLOjwp2Xyaym5SxGSiM5Y5L77SresXLp9O6CsoIptZaJuEMhR_zGKN2gn9c3kTqK4V6I8mfRTLMkDAwGdnsN54yD75HhxeJxvIt9b-NRCrXWNVkDviX4GHpU8x9omX4ozSueFNmfv4Bhb5buDaz9onqFjj8KVNynv_fvv1XCszg5--mbRktrtmjJgxOpa-eO1x7UuvbyRi7FTaB_M_kuRX7R17MOR6TaL1zb7h-12LzSdho891MU_oDa4JpeHDU_V55Vn4B_3c8roBPJgCniv4OsHrmuLoe6rcZ2ZZY8AKB4_fwh7KNYa1CGC5ABy7-mZ67ecerhBpelfgGE9drTZXff7dDY7obA3gPbhvGMJ23_ToFD76o3TkcAOJCHgYxWB2i4kde7Fh-v9JuhAdW-BbFJ9XAZ9Ncwsl-ZM_N-DxmVPj_XvvCzSko3n8aBGwA==&p=13&fvj=1&vjs=3
Actuarial Data Scientist,Selby Jennings,"Charlotte, NC","Further the development of their data analytics tool-kit.
Create data analytics tools that will serve as the basis for establishing best estimate assumptions…",,4 days ago,https://www.indeed.com/pagead/clk?mo=r&ad=-6NYlbfkN0Ac1dQX5O4bM0SP6UJQV27qUKlsnOLo2dFi0v4Kq4pXXbjTLEo__hQoGQbeCuKJDt0JoMTZ3hivDJF-6sN_Mm8oRF7U6XsMm4g0mV-otUuPQAfQ00udzbpvkrOPFPUg0o9jBlDX6_wWqDNWjPyceUxZklgChuy8fnLJAy9tKfgiBYEYV6kwX43Dfow76pUnAuz_tMXKBuK6tSVER0qy5oChJKjZecivzHDT-pbaFQWoBmuy_Mnw7Z7wu8xPf2_-ss5Gexv3GADQZgldFY9Dh-Tlgg_Uh8CdI5ODPaweDSrAqWrpFPiAQYHvwaG0czAHIRGUsO8g7ndoDwbgJkqWsTtEkrFJVEYXH2U62xVj2nZnOSojC3AMF1icdT8S_FzuN8hXVvwDqZB87f82G0KNQvEqUwL4qQY1PoQJg-91sUyi0MoQ0LqLrY7G7mCq8g7gBXlHMMGCF2Ya-CtPlo6cOhIm6UN_KFhJ-mHR2CJt3J29FJVIcGiWcNFMUmgCszSLTfPflu-hydhcvw==&p=14&fvj=0&vjs=3
"Azure Cloud Enablement - Analytics & Cognitive, Consultant",Deloitte,"Charlotte, NC","Drive operational efficiency by maintaining their data ecosystems, sourcing analytics expertise and providing As-a-Service offerings for continuous insights and…",,30+ days ago,https://www.indeed.com/rc/clk?jk=3695640109a2325d&fccid=9e215d88a6b33622&vjs=3
"Azure Cloud Enablement - Analytics & Cognitive, Senior Consultant",Deloitte,"Charlotte, NC","Drive operational efficiency by maintaining their data ecosystems, sourcing analytics expertise and providing As-a-Service offerings for continuous insights and…",,30+ days ago,https://www.indeed.com/rc/clk?jk=6c2ec32317bd76fc&fccid=9e215d88a6b33622&vjs=3
"AWS Cloud Enablement - Analytics & Cognitive, Senior Consultant",Deloitte,"Charlotte, NC","Drive operational efficiency by maintaining their data ecosystems, sourcing analytics expertise and providing As-a-Service offerings for continuous insights and…",,30+ days ago,https://www.indeed.com/rc/clk?jk=e47fc8b5b993ccb1&fccid=9e215d88a6b33622&vjs=3
"Artificial Intelligence (Full Stack Developer), Senior Consultant - Applied Artificial Intelligence",Deloitte,"Charlotte, NC","The Analytics & Cognitive team leverages the power of data, analytics, robotics, science and cognitive technologies to uncover hidden relationships from vast…",,30+ days ago,https://www.indeed.com/rc/clk?jk=a1de9f83c0ba1936&fccid=9e215d88a6b33622&vjs=3
